title,link,AIRev1_score,AIRev2_score,AIRev3_score,Human_score,status,hypothesis_development_label,experimental_design,data_analysis,writing,primary_topic,secondary_topic,openreview_link,forum_id,authors,supplementary_link,code_link
Stylistic Contrastive Learning for Human-Like AI Text Generation,https://openreview.net/forum?id=0fo0d9Tbey,3.0,6.0,4.0,3.0,accepted,A,B,A,B,Computer & Data Sciences,Artificial Intelligence & Machine Learning,https://openreview.net/forum?id=0fo0d9Tbey,0fo0d9Tbey,,,
The Architectural Immune System: A Framework for Correcting Synthetic Fallacies in AI-Driven Science,https://openreview.net/forum?id=ShWjvhAZGs,3.0,6.0,3.0,5.0,accepted,D,C,D,D,Computer & Data Sciences,Artificial Intelligence & Machine Learning,https://openreview.net/forum?id=ShWjvhAZGs,ShWjvhAZGs,,,
Multi-target Parallel Drug Discovery with Multi-agent Orchestration,https://openreview.net/forum?id=AhFsKmuaCb,3.0,6.0,4.0,4.0,accepted,,,,,Computer & Data Sciences,Artificial Intelligence & Machine Learning,https://openreview.net/forum?id=AhFsKmuaCb,AhFsKmuaCb,,,
Scalable Oversight in Multi-Agent Systems: Provable Alignment via Delegated Debate and Hierarchical Verification,https://openreview.net/forum?id=l5Wrcgyobp,3.0,6.0,4.0,5.0,accepted,B,B,B,C,Computer & Data Sciences,Artificial Intelligence & Machine Learning,https://openreview.net/forum?id=l5Wrcgyobp,l5Wrcgyobp,,,
Magellan: Guided MCTS for Latent Space Exploration and Novelty Generation,https://openreview.net/forum?id=wVn3uPvm9W,2.0,6.0,5.0,4.0,accepted,D,C,C,C,Computer & Data Sciences,HumanâComputer Interaction,https://openreview.net/forum?id=wVn3uPvm9W,wVn3uPvm9W,,,
"Decontextualization, Everywhere: A Systematic Audit on PeerQA",https://openreview.net/forum?id=cK8YYMc65B,3.0,6.0,4.0,3.0,accepted,C,C,C,C,Computer & Data Sciences,Artificial Intelligence & Machine Learning,https://openreview.net/forum?id=cK8YYMc65B,cK8YYMc65B,,,
LLM-Driven Discovery of High-Entropy Catalysts via Retrieval-Augmented Generation,https://openreview.net/forum?id=Ka1WYEwLdC,3.0,6.0,5.0,4.0,accepted,Not found,Not found,Not found,Not found,Engineering & Technology,Materials Science,https://openreview.net/forum?id=Ka1WYEwLdC,Ka1WYEwLdC,,,
PsySpace: Simulating Emergent Psychological Dynamics in Long-Duration Space Missions using Multi-Agent LLMs,https://openreview.net/forum?id=WAbHXkmBIn,3.0,6.0,4.0,5.0,accepted,D,D,D,D,Computer & Data Sciences,HumanâComputer Interaction,https://openreview.net/forum?id=WAbHXkmBIn,WAbHXkmBIn,,,
"Mentor-Mind: Risk-Aware, Constraint-Grounded Advice Agents Beyond Chain-of-Thought",https://openreview.net/forum?id=LqukdleDgU,4.0,6.0,4.0,4.0,accepted,A,D,D,D,Computer & Data Sciences,Artificial Intelligence & Machine Learning,https://openreview.net/forum?id=LqukdleDgU,LqukdleDgU,,,
Hardware-Conditioned Generative Channel Modeling: A Diffusion-Based Approach for Location and Hardware-Aware Wireless Dataset Synthesis,https://openreview.net/forum?id=ExGHHgTM2p,3.0,6.0,4.0,4.0,accepted,C,D,C,D,Computer & Data Sciences,Artificial Intelligence & Machine Learning,https://openreview.net/forum?id=ExGHHgTM2p,ExGHHgTM2p,,,
Echo: A multi-agent AI system for patient-centered pharmacovigilance,https://openreview.net/forum?id=4nrWtE6oZ9,2.0,6.0,4.0,5.0,accepted,B,C,C,C,Computer & Data Sciences,Artificial Intelligence & Machine Learning,https://openreview.net/forum?id=4nrWtE6oZ9,4nrWtE6oZ9,,,
BadScientist: Can a Research Agent Write Convincing but Unsound Papers that Fool LLM Reviewers?,https://openreview.net/forum?id=7MPstNz66e,3.0,6.0,5.0,5.0,accepted,B,C,D,D,Computer & Data Sciences,Artificial Intelligence & Machine Learning,https://openreview.net/forum?id=7MPstNz66e,7MPstNz66e,,,
MechSci: Scaling Clinical Science via Mechanistic Interpretability of Multimodal Medical Foundation Models,https://openreview.net/forum?id=rgpgukbeVf,3.0,6.0,3.0,5.0,accepted,C,B,C,C,Computer & Data Sciences,Artificial Intelligence & Machine Learning,https://openreview.net/forum?id=rgpgukbeVf,rgpgukbeVf,,,
Towards Automatic Evaluation and Selection of PHI De-identification Models via Multi-Agent Collaboration,https://openreview.net/forum?id=MIjY6VNtY0,3.0,6.0,4.0,5.0,accepted,A,C,C,C,Computer & Data Sciences,HumanâComputer Interaction,https://openreview.net/forum?id=MIjY6VNtY0,MIjY6VNtY0,,,
Green by Design: Energy-Guided Reranking of LLM-Generated Programs,https://openreview.net/forum?id=BxscqmB9Rs,3.0,6.0,3.0,4.0,accepted,D,D,D,D,Computer & Data Sciences,Artificial Intelligence & Machine Learning,https://openreview.net/forum?id=BxscqmB9Rs,BxscqmB9Rs,,,
Reasoning Models Outperform Standard Language Models in De Novo Protein Design,https://openreview.net/forum?id=yXYEbPQp8x,3.0,6.0,3.0,4.0,accepted,B,A,C,D,Computer & Data Sciences,Artificial Intelligence & Machine Learning,https://openreview.net/forum?id=yXYEbPQp8x,yXYEbPQp8x,,,
Simulating Two-Sided Job Marketplaces with AI Agents,https://openreview.net/forum?id=pjpkEHH5YS,3.0,6.0,5.0,5.0,accepted,D,C,C,C,Social Sciences,Economics,https://openreview.net/forum?id=pjpkEHH5YS,pjpkEHH5YS,,,
Co-Alignment: Rethinking Alignment as Bidirectional Human-AI Cognitive Adaptation,https://openreview.net/forum?id=G5jK2OMT2q,3.0,6.0,3.0,5.0,accepted,B,D,D,C,Computer & Data Sciences,HumanâComputer Interaction,https://openreview.net/forum?id=G5jK2OMT2q,G5jK2OMT2q,,,
QITT-Enhanced Multi-Scale Substructure Analysis with Learned Topological Embeddings for Cosmological Parameter Estimation,https://openreview.net/forum?id=LENY7OWxmN,3.0,6.0,3.0,4.0,accepted,D,D,D,D,Computer & Data Sciences,Artificial Intelligence & Machine Learning,https://openreview.net/forum?id=LENY7OWxmN,LENY7OWxmN,,,
Sustainable Investment Decision-Making on Office Buildings using Reinforcement Learning and Large Language Models,https://openreview.net/forum?id=hjEsIk0Nux,3.0,6.0,4.0,3.0,accepted,B,B,B,B,Computer & Data Sciences,Artificial Intelligence & Machine Learning,https://openreview.net/forum?id=hjEsIk0Nux,hjEsIk0Nux,,,
An AI-First Proof of Concept: Simulating and Refining a Teach-Back Protocol for Dialogic Learning in Programming Education,https://openreview.net/forum?id=0d3Nloe9pB,3.0,6.0,4.0,3.0,accepted,B,C,D,C,Computer & Data Sciences,HumanâComputer Interaction,https://openreview.net/forum?id=0d3Nloe9pB,0d3Nloe9pB,,,
Diverse Inference for Solving ARC at a Human Level,https://openreview.net/forum?id=295UNarKmq,3.0,6.0,3.0,5.0,accepted,B,B,B,B,Computer & Data Sciences,Artificial Intelligence & Machine Learning,https://openreview.net/forum?id=295UNarKmq,295UNarKmq,,,
Self-Spec: Model-Authored Specifications for Reliable LLM Code Generation,https://openreview.net/forum?id=6pr7BUGkLp,4.0,6.0,4.0,3.0,accepted,A,B,C,C,Computer & Data Sciences,Artificial Intelligence & Machine Learning,https://openreview.net/forum?id=6pr7BUGkLp,6pr7BUGkLp,,,
Simulating Strategic Reasoning: A Digital Twin Approach to AI Advisors in Decision-Making,https://openreview.net/forum?id=L4arZChBJD,2.0,6.0,4.0,4.0,accepted,B,C,C,D,Computer & Data Sciences,Artificial Intelligence & Machine Learning,https://openreview.net/forum?id=L4arZChBJD,L4arZChBJD,,,
Multi-LLM and Multi-Prompt Strategies for COVID-19 Infodemic Detection in Chinese Social Media: An Empirical Evaluation,https://openreview.net/forum?id=zYDXTzql3n,4.0,6.0,4.0,3.0,accepted,B,B,C,C,Computer & Data Sciences,Artificial Intelligence & Machine Learning,https://openreview.net/forum?id=zYDXTzql3n,zYDXTzql3n,,,
Survival of the Useful: Evolutionary Boids as a Sandbox for Agent Societies,https://openreview.net/forum?id=N7Kh0K33Dk,3.0,6.0,3.0,4.0,accepted,C,C,D,D,Computer & Data Sciences,Artificial Intelligence & Machine Learning,https://openreview.net/forum?id=N7Kh0K33Dk,N7Kh0K33Dk,,,
"Parameter vs. Test-Time Scaling in LLMs: FLOPs-Aware, Cross-Domain, Domain-Dependent, Pareto-Optimal Compute Allocation",https://openreview.net/forum?id=wU35L1GZud,3.0,6.0,4.0,3.0,accepted,D,C,D,D,Computer & Data Sciences,Artificial Intelligence & Machine Learning,https://openreview.net/forum?id=wU35L1GZud,wU35L1GZud,,,
From Borges' Library to Procedural Universes: A Formal Framework for Navigability and Limits in Large Language Models,https://openreview.net/forum?id=X0rpsv88au,3.0,6.0,4.0,4.0,accepted,D,D,D,D,Computer & Data Sciences,Artificial Intelligence & Machine Learning,https://openreview.net/forum?id=X0rpsv88au,X0rpsv88au,,,
Do Small Detours Deliver Big Gains? Online Accept/Reject Policies for Overlapping Bus Lines,https://openreview.net/forum?id=NDpRTCW3sM,3.0,6.0,3.0,4.0,accepted,,,,,Social Sciences,Operations Research,https://openreview.net/forum?id=NDpRTCW3sM,NDpRTCW3sM,,,
The Impact of Reduced Towing Fees on Vehicle Redemption Rates for Low-Income Individuals: Evidence from San Francisco's 2020 Policy,https://openreview.net/forum?id=I7meDPJFy8,3.0,6.0,4.0,4.0,accepted,B,B,C,C,Social Sciences,Economics,https://openreview.net/forum?id=I7meDPJFy8,I7meDPJFy8,,,
``You are a brilliant mathematician'' Does Not Make LLMs Act Like One,https://openreview.net/forum?id=sVaRgmH8FE,4.0,6.0,5.0,4.0,accepted,B,C,C,D,Computer & Data Sciences,Artificial Intelligence & Machine Learning,https://openreview.net/forum?id=sVaRgmH8FE,sVaRgmH8FE,,,
Endocrine Unity and Diversity: A Cross-Tissue Single-Cell Regulatory Atlas,https://openreview.net/forum?id=h40Nyr36om,4.0,6.0,3.0,3.0,accepted,B,D,D,D,Life & Health Sciences,Biology,https://openreview.net/forum?id=h40Nyr36om,h40Nyr36om,,,
Mind Guarding Mind: A Framework for Compensatory Human-AI Collaboration,https://openreview.net/forum?id=E2XBNokxDy,3.0,6.0,3.0,3.0,accepted,C,C,C,C,Computer & Data Sciences,Human-Computer Interaction,https://openreview.net/forum?id=E2XBNokxDy,E2XBNokxDy,,,
AI-Assisted Exploratory Causal Modeling of Cumulative Advantage in Small-$N$ Domains,https://openreview.net/forum?id=neQWbqbgSs,3.0,6.0,3.0,3.0,accepted,C,C,B,C,Computer & Data Sciences,Data Science,https://openreview.net/forum?id=neQWbqbgSs,neQWbqbgSs,,,
The Consistency Confound: Why Stronger Alignment Can Break Black-Box Jailbreak Detection,https://openreview.net/forum?id=B6ZrLXou3u,4.0,6.0,4.0,4.0,accepted,C,D,D,D,Computer & Data Sciences,Artificial Intelligence & Machine Learning,https://openreview.net/forum?id=B6ZrLXou3u,B6ZrLXou3u,,,
Educational attainment and cognitive profile heterogeneity: age-stratified web-based analysis finds no detectable association,https://openreview.net/forum?id=EWYarfMZU2,3.0,6.0,3.0,3.0,accepted,A,D,D,D,Social Sciences,Psychology,https://openreview.net/forum?id=EWYarfMZU2,EWYarfMZU2,,,
Beyond Adam: AI-Authored Discovery of Symbolic Optimization Rules,https://openreview.net/forum?id=vUJOhgV3zh,2.0,6.0,4.0,3.0,accepted,C,D,D,C,Computer & Data Sciences,Artificial Intelligence & Machine Learning,https://openreview.net/forum?id=vUJOhgV3zh,vUJOhgV3zh,,,
Transit Timing Variations of Exoplanet WASP-4b: Evidence of Orbital Decay,https://openreview.net/forum?id=Yja2KMahOL,3.0,6.0,3.0,3.0,accepted,C,C,C,C,Natural Sciences,Astronomy,https://openreview.net/forum?id=Yja2KMahOL,Yja2KMahOL,,,
AIs Fail to Recognize Themselves and Mostly Think They are GPT or Claude,https://openreview.net/forum?id=7TzkOum3Nu,3.0,6.0,4.0,4.0,accepted,A,C,B,C,Computer & Data Sciences,Artificial Intelligence & Machine Learning,https://openreview.net/forum?id=7TzkOum3Nu,7TzkOum3Nu,,,
Multi-Agent Social Simulation: An Experimental Framework for Language-Native Social Experiments,https://openreview.net/forum?id=emsnDnmtYP,3.0,6.0,4.0,3.0,accepted,A,C,D,D,Social Sciences,Economics,https://openreview.net/forum?id=emsnDnmtYP,emsnDnmtYP,,,
UnitMath: Unit-Aware Numerical Reasoning and Dimensional Consistency for Scientific Table Claims,https://openreview.net/forum?id=OG8sFxeNHv,3.0,6.0,3.0,4.0,accepted,C,C,C,C,Computer & Data Sciences,Artificial Intelligence & Machine Learning,https://openreview.net/forum?id=OG8sFxeNHv,OG8sFxeNHv,,,
Thermodynamic Guardrails: A Bond Graph-Based Method for Self-Correcting Model Reduction in Autonomous Scientific Discovery,https://openreview.net/forum?id=hreVjQIgyt,3.0,6.0,4.0,4.0,accepted,C,C,C,D,Life & Health Sciences,Biology,https://openreview.net/forum?id=hreVjQIgyt,hreVjQIgyt,,,
Visible Yet Unreadable: A Systematic Blind Spot of VisionâLanguage Models Across Writing Systems,https://openreview.net/forum?id=if6RZty9HK,4.0,6.0,4.0,3.0,accepted,B,C,C,C,Computer & Data Sciences,Artificial Intelligence & Machine Learning,https://openreview.net/forum?id=if6RZty9HK,if6RZty9HK,,,
Behavioral Fingerprinting of Large Language Models,https://openreview.net/forum?id=s4gTj3fOIo,2.0,6.0,4.0,4.0,accepted,B,C,C,C,Computer & Data Sciences,Artificial Intelligence & Machine Learning,https://openreview.net/forum?id=s4gTj3fOIo,s4gTj3fOIo,,,
Uncertainty-Aware Role-Switching Debate: Improving Truthfulness in Large Language Models,https://openreview.net/forum?id=heYWeCpOlS,2.0,6.0,4.0,5.0,accepted,D,C,D,D,Computer & Data Sciences,Artificial Intelligence & Machine Learning,https://openreview.net/forum?id=heYWeCpOlS,heYWeCpOlS,,,
Dynamically Induced In-Group Bias: Experimental Evidence of Motivated Reasoning in Large Language Models,https://openreview.net/forum?id=SF7BjKnqdh,2.0,6.0,4.0,3.0,accepted,D,D,D,D,Computer & Data Sciences,Artificial Intelligence & Machine Learning,https://openreview.net/forum?id=SF7BjKnqdh,SF7BjKnqdh,,,
FeasibilityâGuided Fair Adaptive Reinforcement Learning for Medicaid Care Management,https://openreview.net/forum?id=d7Uvmmpo0z,3.0,5.0,4.0,3.0,accepted,C,C,C,C,Computer & Data Sciences,Artificial Intelligence & Machine Learning,https://openreview.net/forum?id=d7Uvmmpo0z,d7Uvmmpo0z,,,
IVTFuse: An Efficient Vision-Language Guided Infrared-Visible Image Fusion Network with Frequency-Strip and Hybrid Pooling Attention Modules,https://openreview.net/forum?id=71C5p8pm6s,3.0,6.0,4.0,4.0,accepted,D,C,C,D,Computer & Data Sciences,Artificial Intelligence & Machine Learning,https://openreview.net/forum?id=71C5p8pm6s,71C5p8pm6s,,,
Multi-Agent AI System for Pharmaceutical Commercial Forecasting: GPT-5 Orchestration with  Specialized Agent Architecture,https://openreview.net/forum?id=3Sv9wfwXPW,2.0,1.0,2.0,,rejected,D,D,D,D,Computer & Data Sciences,Artificial Intelligence & Machine Learning,https://openreview.net/forum?id=3Sv9wfwXPW,3Sv9wfwXPW,,,
Joint Material Reconstruction for Sparse Dual-Energy CT,https://openreview.net/forum?id=mEbFdPy2oy,2.0,4.0,2.0,,rejected,C,C,C,D,Engineering & Technology,Biomedical Engineering,https://openreview.net/forum?id=mEbFdPy2oy,mEbFdPy2oy,,,
Scaling Laws of Deception in AI Scientist Agents: World-Model Manipulation in LLMs,https://openreview.net/forum?id=Pqjg14gnAV,2.0,2.0,2.0,,rejected,B,B,B,B,Computer & Data Sciences,Artificial Intelligence & Machine Learning,https://openreview.net/forum?id=Pqjg14gnAV,Pqjg14gnAV,,,
"A Reproducible Protocol for Resource-Aware Predictive Process Monitoring: Compact Baselines, a Simulator Blueprint, and Pitfalls",https://openreview.net/forum?id=XjJeBSf7NB,3.0,6.0,4.0,2.0,rejected,C,D,D,D,Computer & Data Sciences,Artificial Intelligence & Machine Learning,https://openreview.net/forum?id=XjJeBSf7NB,XjJeBSf7NB,,,
The Shape of Risk: Dynamic Regime Shifts in Factor Models for Market Portfolio Optimization,https://openreview.net/forum?id=Wu0W5BJ7UR,2.0,2.0,2.0,,rejected,C,C,C,C,Social Sciences,Economics,https://openreview.net/forum?id=Wu0W5BJ7UR,Wu0W5BJ7UR,,,
Single-Loop Penalty Methods for Bilevel Reinforcement Learning,https://openreview.net/forum?id=NRaWmVVltg,4.0,6.0,4.0,3.0,rejected,D,D,D,D,Computer & Data Sciences,Artificial Intelligence & Machine Learning,https://openreview.net/forum?id=NRaWmVVltg,NRaWmVVltg,,,
Initiation of Programmed Cell Death in Cancer Stem Cells: In Silico Mutagenesis for Optimized TRAILâDR5 Binding with Perplexity AI,https://openreview.net/forum?id=2w5HypzUpN,2.0,2.0,2.0,,rejected,A,A,A,A,Life & Health Sciences,Medicine & Health,https://openreview.net/forum?id=2w5HypzUpN,2w5HypzUpN,,,
The Self-Limiting Nature of QBO-Dependent SAI: An Optimization Agentâs Discovery of Intervention-Variability Feedback,https://openreview.net/forum?id=eSlhdv8zUL,2.0,6.0,3.0,,rejected,D,D,D,D,Computer & Data Sciences,Artificial Intelligence & Machine Learning,https://openreview.net/forum?id=eSlhdv8zUL,eSlhdv8zUL,,,
Diagnostic Failure Paradigm: Transforming AI System Validation Through Systematic Analysis of Classical Model Failures,https://openreview.net/forum?id=7k3i6JYvFo,2.0,6.0,2.0,,rejected,D,D,D,D,Computer & Data Sciences,Artificial Intelligence & Machine Learning,https://openreview.net/forum?id=7k3i6JYvFo,7k3i6JYvFo,,,
The Verifiability Gateway: A Governance Agentâs Discovery of SAI Non-Identifiability,https://openreview.net/forum?id=VUTIDJhvD3,2.0,6.0,3.0,,rejected,D,C,D,D,Interdisciplinary,Science & Technology Studies,https://openreview.net/forum?id=VUTIDJhvD3,VUTIDJhvD3,,,
"Indirect Prompt Injection in AI-Native Peer Review: Risks, Detection, and Defenses",https://openreview.net/forum?id=q15GkFTXbM,3.0,5.0,4.0,1.0,rejected,C,D,D,D,Computer & Data Sciences,Artificial Intelligence & Machine Learning,https://openreview.net/forum?id=q15GkFTXbM,q15GkFTXbM,,,
A Multi-Agent LLM System for Protein Sequence Design and Structure-Oriented Ranking,https://openreview.net/forum?id=7qIGNFpf1C,2.0,4.0,3.0,,rejected,D,D,D,D,Computer & Data Sciences,Artificial Intelligence & Machine Learning,https://openreview.net/forum?id=7qIGNFpf1C,7qIGNFpf1C,,,
Exploring Vision-Language Alignment under Subtle Contradictions,https://openreview.net/forum?id=bNP4BRONCE,3.0,2.0,4.0,,rejected,D,D,D,C,Computer & Data Sciences,Artificial Intelligence & Machine Learning,https://openreview.net/forum?id=bNP4BRONCE,bNP4BRONCE,,,
CRISPR Screen Design for T Cell Exhaustion Regulators: A Systematic Approach to Identify 32 Target Genes,https://openreview.net/forum?id=98iucZYjap,2.0,5.0,3.0,,rejected,D,D,D,D,Life & Health Sciences,Biology,https://openreview.net/forum?id=98iucZYjap,98iucZYjap,,,
Integrating Segmented Cell Imaging and Molecular Networks for Drug-Specific Analysis in CM4AI,https://openreview.net/forum?id=zTiOPZnpWv,2.0,3.0,4.0,,rejected,B,C,B,B,Computer & Data Sciences,Artificial Intelligence & Machine Learning,https://openreview.net/forum?id=zTiOPZnpWv,zTiOPZnpWv,,,
HALT: A Framework for Hallucination Detection in Large Language Models,https://openreview.net/forum?id=YysFSiPQf7,2.0,4.0,2.0,,rejected,C,D,C,C,Computer & Data Sciences,Artificial Intelligence & Machine Learning,https://openreview.net/forum?id=YysFSiPQf7,YysFSiPQf7,,,
CXCL13 as a Prognostic Biomarker of Survival Outcomes in Muscle-Invasive Bladder Cancer,https://openreview.net/forum?id=sXgKlXfaBK,3.0,5.0,4.0,2.0,rejected,D,D,C,C,Life & Health Sciences,Medicine & Health,https://openreview.net/forum?id=sXgKlXfaBK,sXgKlXfaBK,,,
Adaptive Federated Q-Learning with Importance Averaging: Near-Optimal Sample Complexity and $K$-Independent Communication,https://openreview.net/forum?id=wLhQMbyF3y,3.0,5.0,3.0,,rejected,D,D,D,D,Computer & Data Sciences,Artificial Intelligence & Machine Learning,https://openreview.net/forum?id=wLhQMbyF3y,wLhQMbyF3y,,,
Quantum Semantic Dynamics: A Unified Framework for N-Dimensional Semantic Hilbert Spaces with Experimental Validation,https://openreview.net/forum?id=814MdsPtZq,2.0,1.0,3.0,,rejected,C,C,D,D,Interdisciplinary,Cognitive Science,https://openreview.net/forum?id=814MdsPtZq,814MdsPtZq,,,
Superior Energy Storage Performance in High-Entropy Dielectric Ceramics Discovered by AI Materials Scientist,https://openreview.net/forum?id=gArBKNBVyN,2.0,6.0,3.0,,rejected,C,D,D,D,Engineering & Technology,Materials Science,https://openreview.net/forum?id=gArBKNBVyN,gArBKNBVyN,,,
PST-Auto-Agent: A Multi-Agent Ensemble Framework for Paper Source Tracing,https://openreview.net/forum?id=6b5kZtfwIH,2.0,1.0,4.0,,rejected,A,C,B,C,Computer & Data Sciences,Artificial Intelligence & Machine Learning,https://openreview.net/forum?id=6b5kZtfwIH,6b5kZtfwIH,,,
GATv2-NS3 Hybrid IDS: Self-Focusing Simulations for Network Intrusion Detection,https://openreview.net/forum?id=S8uzdZvStA,3.0,6.0,4.0,2.0,rejected,C,C,C,C,Computer & Data Sciences,Artificial Intelligence & Machine Learning,https://openreview.net/forum?id=S8uzdZvStA,S8uzdZvStA,,,
Temporal Motif-Enhanced Contrastive Learning for Adaptive Anomaly Detection in Dynamic Networks,https://openreview.net/forum?id=AL5YBk5JXP,2.0,2.0,3.0,,rejected,C,D,C,D,Computer & Data Sciences,Artificial Intelligence & Machine Learning,https://openreview.net/forum?id=AL5YBk5JXP,AL5YBk5JXP,,,
Automated Mining of Hinge-like Protein Modules from AlphaFold PAE: BCR-Parts,https://openreview.net/forum?id=3PWDmzgjbb,3.0,4.0,2.0,,rejected,D,D,D,D,Computer & Data Sciences,Artificial Intelligence & Machine Learning,https://openreview.net/forum?id=3PWDmzgjbb,3PWDmzgjbb,,,
"Moral Elevation, Empathy, and Group Cohesion: Predicting Immediate Prosocial Intentions in an Online Survey Context",https://openreview.net/forum?id=PYqvzvr5F7,1.0,1.0,2.0,,rejected,B,B,B,D,Social Sciences,Psychology,https://openreview.net/forum?id=PYqvzvr5F7,PYqvzvr5F7,,,
Backtest to the Future: Can Large Language Models Generate Publishable AI Research Ideas?,https://openreview.net/forum?id=aK9JwuE29c,2.0,6.0,3.0,,rejected,B,C,D,D,Computer & Data Sciences,Artificial Intelligence & Machine Learning,https://openreview.net/forum?id=aK9JwuE29c,aK9JwuE29c,,,
The Overfitting Crisis in LLM Workflows: Learning from Machine Learningâs Past Mistakes,https://openreview.net/forum?id=maMnVCHl8J,3.0,6.0,4.0,3.0,rejected,B,NA,C,C,Computer & Data Sciences,Artificial Intelligence & Machine Learning,https://openreview.net/forum?id=maMnVCHl8J,maMnVCHl8J,,,
Exploring the Potential for AI Intervention in Value Judgment Through Free Discussion Among Large Language Models: Focusing on Multi-Stage Trolley Dilemma Discussion Analysis,https://openreview.net/forum?id=diwnmHfFNE,2.0,3.0,2.0,,rejected,A,C,B,B,Computer & Data Sciences,Artificial Intelligence & Machine Learning,https://openreview.net/forum?id=diwnmHfFNE,diwnmHfFNE,,,
"A Simulation Study on the Impact of Technology, Resources, and Culture on Human Desire",https://openreview.net/forum?id=KnkFyU8BmD,1.0,1.0,2.0,,rejected,B,B,C,C,Interdisciplinary,Computational Social Science,https://openreview.net/forum?id=KnkFyU8BmD,KnkFyU8BmD,,,
EndoNet: Content-Aware Linear Attention for Endoscopic Video Super-Resolution,https://openreview.net/forum?id=si22iakiB5,2.0,3.0,2.0,,rejected,C,C,C,D,Computer & Data Sciences,Artificial Intelligence & Machine Learning,https://openreview.net/forum?id=si22iakiB5,si22iakiB5,,,
Calculation of the n=1 Critical Point in the Bose-Hubbard Model on the Isotropic Union Jack Lattice via Quantum Monte Carlo (QMC),https://openreview.net/forum?id=KjkhwoXbYK,1.0,1.0,2.0,,rejected,D,D,D,D,Natural Sciences,Physics,https://openreview.net/forum?id=KjkhwoXbYK,KjkhwoXbYK,,,
Breaking the Chart Barrier: A Comprehensive Analysis Reveals Why AI Excels at Code but Fails at Visual Scientific Diagrams,https://openreview.net/forum?id=51ri0E84gG,2.0,6.0,3.0,,rejected,C,D,D,D,Computer & Data Sciences,Artificial Intelligence & Machine Learning,https://openreview.net/forum?id=51ri0E84gG,51ri0E84gG,,,
Intelligent_Document_Processing_for_Graduate_Admissions__An_End_to_End_Pipeline_with_Calibrated_Abstention,https://openreview.net/forum?id=w7c1rotw9I,1.0,1.0,2.0,,rejected,B,B,B,B,Computer & Data Sciences,HumanâComputer Interaction,https://openreview.net/forum?id=w7c1rotw9I,w7c1rotw9I,,,
SHARP: Cascaded Regex-LLM Architecture for Phishing Detection,https://openreview.net/forum?id=EwXxI9mF4d,2.0,6.0,4.0,2.0,rejected,C,C,C,D,Computer & Data Sciences,Artificial Intelligence & Machine Learning,https://openreview.net/forum?id=EwXxI9mF4d,EwXxI9mF4d,,,
AgentAdapter-TimesFM: Agentic Residual Adapters for Scientific Time-Series Forecasting,https://openreview.net/forum?id=ud9cRk9yBM,2.0,6.0,3.0,,rejected,D,C,C,D,Computer & Data Sciences,Artificial Intelligence & Machine Learning,https://openreview.net/forum?id=ud9cRk9yBM,ud9cRk9yBM,,,
DinoV3âLSTM for Early-Stage Classification of Paroxysmal Atrial Fibrillation in ECGs Toward Prediction,https://openreview.net/forum?id=udPANfLJBW,2.0,3.0,2.0,,rejected,B,C,C,D,Interdisciplinary,Biomedical Engineering,https://openreview.net/forum?id=udPANfLJBW,udPANfLJBW,,,
Computation of Sixth-Order Strong Coupling Expansion Coefficient for the Fermi-Hubbard Model on Honeycomb Lattice,https://openreview.net/forum?id=nRK2lFl77R,2.0,1.0,3.0,,rejected,D,D,D,D,Natural Sciences,Physics,https://openreview.net/forum?id=nRK2lFl77R,nRK2lFl77R,,,
Synthetic Realism in Finance: A High-Fidelity Market Simulation with Adaptive LLM Agents,https://openreview.net/forum?id=qSmh66KJR4,2.0,6.0,3.0,,rejected,A,B,B,B,Computer & Data Sciences,Artificial Intelligence & Machine Learning,https://openreview.net/forum?id=qSmh66KJR4,qSmh66KJR4,,,
Modular and Hybrid Frameworks for LLM-Based Agents in Complex Strategy Games: An Empirical Study in Slay the Spire,https://openreview.net/forum?id=gC3D2ESSyK,2.0,4.0,4.0,,rejected,C,C,C,D,Computer & Data Sciences,Artificial Intelligence & Machine Learning,https://openreview.net/forum?id=gC3D2ESSyK,gC3D2ESSyK,,,
TensorCompress: Next-Generation Model Compression via Tensor Program Synthesis Beyond Quantization,https://openreview.net/forum?id=aSlhaqLbL1,1.0,1.0,1.0,,rejected,D,D,D,D,Computer & Data Sciences,Artificial Intelligence & Machine Learning,https://openreview.net/forum?id=aSlhaqLbL1,aSlhaqLbL1,,,
Breaking Points: How Transformer Vulnerabilities Reveal Paths to Faster Inference,https://openreview.net/forum?id=U4q6HXFvKn,1.0,6.0,4.0,,rejected,C,D,C,D,Computer & Data Sciences,Artificial Intelligence & Machine Learning,https://openreview.net/forum?id=U4q6HXFvKn,U4q6HXFvKn,,,
AGIArch: A Unified Hierarchical Architecture for Artificial General Intelligence,https://openreview.net/forum?id=aMep22Wzw7,1.0,1.0,1.0,,rejected,D,D,D,D,Computer & Data Sciences,Artificial Intelligence & Machine Learning,https://openreview.net/forum?id=aMep22Wzw7,aMep22Wzw7,,,
ChainML: Byzantine-Resilient Decentralized AI Training with Blockchain-Orchestrated Federated Learning,https://openreview.net/forum?id=5qYADa1lbX,2.0,2.0,3.0,,rejected,D,D,D,D,Computer & Data Sciences,Artificial Intelligence & Machine Learning,https://openreview.net/forum?id=5qYADa1lbX,5qYADa1lbX,,,
Uncertainty-Guided Agents for Rare-Disease Hypothesis Discovery on Knowledge Graphs,https://openreview.net/forum?id=2qm4sB6BbS,3.0,6.0,3.0,2.0,rejected,A,B,A,B,Computer & Data Sciences,Artificial Intelligence & Machine Learning,https://openreview.net/forum?id=2qm4sB6BbS,2qm4sB6BbS,,,
Fairness-Aware Classification with Synthetic Tabular Data,https://openreview.net/forum?id=W9TBkcaRLJ,2.0,5.0,3.0,,rejected,D,D,D,D,Computer & Data Sciences,Artificial Intelligence & Machine Learning,https://openreview.net/forum?id=W9TBkcaRLJ,W9TBkcaRLJ,,,
The Double Helix of Productivity: A Comprehensive Framework for Understanding and Mitigating Technostress from Generative AI Agents in the Scientific Workplace,https://openreview.net/forum?id=HeVPOpanJT,3.0,6.0,3.0,1.0,rejected,B,A,B,B,Social Sciences,Psychology,https://openreview.net/forum?id=HeVPOpanJT,HeVPOpanJT,,,
Robust Time-Series Anomaly Detection for AGI System Monitoring: A Hybrid Neural-Statistical Approach,https://openreview.net/forum?id=u4i2vyJVqe,2.0,6.0,3.0,,rejected,D,D,D,D,Computer & Data Sciences,Artificial Intelligence & Machine Learning,https://openreview.net/forum?id=u4i2vyJVqe,u4i2vyJVqe,,,
Discovering Domain-Adaptive Multimodal Design Principles Through Computational Systematic Review,https://openreview.net/forum?id=FYYCrBCTgk,2.0,3.0,2.0,,rejected,D,D,D,C,Social Sciences,Education,https://openreview.net/forum?id=FYYCrBCTgk,FYYCrBCTgk,,,
Computational Analysis of Cryptographic Hash Function Performance and Security,https://openreview.net/forum?id=Y3Mn3UkPcz,1.0,2.0,2.0,,rejected,B,B,B,B,Computer & Data Sciences,Software & Systems,https://openreview.net/forum?id=Y3Mn3UkPcz,Y3Mn3UkPcz,,,
Interpretable by Design: Boosting Neural Network Performance with Rule-Augmented Features,https://openreview.net/forum?id=73EbNDKArc,2.0,5.0,3.0,,rejected,D,D,D,D,Computer & Data Sciences,Artificial Intelligence & Machine Learning,https://openreview.net/forum?id=73EbNDKArc,73EbNDKArc,,,
The Digital Inbreeding Crisis: Empirical Evidence of LLM Capability Degradation under Multi-Generational Synthetic Training,https://openreview.net/forum?id=X26I2fwt3f,2.0,5.0,4.0,,rejected,C,C,C,C,Computer & Data Sciences,Artificial Intelligence & Machine Learning,https://openreview.net/forum?id=X26I2fwt3f,X26I2fwt3f,,,
Neural Reaction-Diffusion Operators for Spatially Heterogeneous Tumor Modeling,https://openreview.net/forum?id=Jxp7TqMCAi,2.0,6.0,4.0,2.0,rejected,D,D,C,D,Computer & Data Sciences,Artificial Intelligence & Machine Learning,https://openreview.net/forum?id=Jxp7TqMCAi,Jxp7TqMCAi,,,
Ground-State Energy Calculation of Metallic Hydrogen Using Local Density Approximation (LDA),https://openreview.net/forum?id=ZHFdsEbBVu,2.0,1.0,2.0,,rejected,D,D,D,D,Natural Sciences,Physics,https://openreview.net/forum?id=ZHFdsEbBVu,ZHFdsEbBVu,,,
Ab Initio Calculation and Theoretical Construction of the First Excitation Energy of Lithium Atom,https://openreview.net/forum?id=8V0TGsJHg4,2.0,2.0,2.0,,rejected,D,D,D,D,Natural Sciences,Physics,https://openreview.net/forum?id=8V0TGsJHg4,8V0TGsJHg4,,,
Restoring Hover on Touchscreens Using a Mouse Pointer,https://openreview.net/forum?id=I9plFigPxl,2.0,3.0,2.0,,rejected,A,B,B,B,Computer & Data Sciences,HumanâComputer Interaction,https://openreview.net/forum?id=I9plFigPxl,I9plFigPxl,,,
Synthetic Medical Imaging with Pathology-Aware  Variational Autoencoders,https://openreview.net/forum?id=7zAuPR82do,2.0,2.0,3.0,,rejected,B,B,B,B,Computer & Data Sciences,Artificial Intelligence & Machine Learning,https://openreview.net/forum?id=7zAuPR82do,7zAuPR82do,,,
AI-Driven Discovery of Temporal-Demographic  Interactions in Emergency Department Care Delivery:  AMulti-Agent Collaborative Analysis of Healthcare  Equity Patterns,https://openreview.net/forum?id=x8R9TaMNv3,2.0,1.0,3.0,,rejected,D,D,D,C,Life & Health Sciences,Medicine & Health,https://openreview.net/forum?id=x8R9TaMNv3,x8R9TaMNv3,,,
Information-Efficient Transformers via Adaptive Token Pruning,https://openreview.net/forum?id=TX4BUsNGsA,2.0,3.0,3.0,,rejected,B,B,B,C,Computer & Data Sciences,Artificial Intelligence & Machine Learning,https://openreview.net/forum?id=TX4BUsNGsA,TX4BUsNGsA,,,
A Decision Matrix for Optimal Matching of Biological Systems to Microgravity Simulation Platforms,https://openreview.net/forum?id=vXVQbDoYbP,1.0,2.0,3.0,,rejected,B,A,A,B,Life & Health Sciences,Biology,https://openreview.net/forum?id=vXVQbDoYbP,vXVQbDoYbP,,,
Predictive Modeling of Grapevine Red Blotch Disease Using Multi-Temporal Remote Sensing and Spatial Epidemiology,https://openreview.net/forum?id=5HqxSctSmB,2.0,4.0,2.0,,rejected,D,D,D,C,Life & Health Sciences,Agriculture & Ecology,https://openreview.net/forum?id=5HqxSctSmB,5HqxSctSmB,,,
Overcoming Combinatorial Explosion in Alloy Design via Hierarchical Multi-Agent Systems,https://openreview.net/forum?id=kreJgMPdtf,1.0,4.0,3.0,,rejected,D,D,C,D,Engineering & Technology,Materials Science,https://openreview.net/forum?id=kreJgMPdtf,kreJgMPdtf,,,
Accelerating NLP for Health Equity: Fine-Tuning Binary and Multi-Class Stigma Classifiers in 48 Hours,https://openreview.net/forum?id=zP2eARUsK3,2.0,5.0,3.0,,rejected,B,A,B,C,Interdisciplinary,Computational Social Science,https://openreview.net/forum?id=zP2eARUsK3,zP2eARUsK3,,,
AI Passes Humanityâs Last Exam and Generates Video Tutorials,https://openreview.net/forum?id=EJ8cQFi5cU,2.0,6.0,3.0,,rejected,B,B,B,B,Computer & Data Sciences,Artificial Intelligence & Machine Learning,https://openreview.net/forum?id=EJ8cQFi5cU,EJ8cQFi5cU,,,
"Explicit vs Implicit Representations: A Systematic Comparison of GA-Planes, K-Planes, and NeRF for 2D Matrix Reconstruction",https://openreview.net/forum?id=0peaDMOMk8,2.0,6.0,3.0,,rejected,B,C,C,D,Computer & Data Sciences,Artificial Intelligence & Machine Learning,https://openreview.net/forum?id=0peaDMOMk8,0peaDMOMk8,,,
Hypergraph Neural Networks for Complex Relational Data: Capturing Higher-Order Dependencies in Real-World Systems,https://openreview.net/forum?id=hv0EdHgQJP,2.0,1.0,2.0,,rejected,D,D,D,D,Computer & Data Sciences,Artificial Intelligence & Machine Learning,https://openreview.net/forum?id=hv0EdHgQJP,hv0EdHgQJP,,,
Quantum Circuit Synthesis via Reinforcement Learning: Automated Design of Efficient Quantum Algorithms,https://openreview.net/forum?id=Hp3rUCPI98,2.0,1.0,2.0,,rejected,D,D,D,D,Computer & Data Sciences,Artificial Intelligence & Machine Learning,https://openreview.net/forum?id=Hp3rUCPI98,Hp3rUCPI98,,,
Next-Gen Model Compression: Tensor Program Synthesis for Beyond Pruning/Quantization Optimization,https://openreview.net/forum?id=3oCWrOf4Gj,2.0,2.0,2.0,,rejected,D,D,D,D,Computer & Data Sciences,Artificial Intelligence & Machine Learning,https://openreview.net/forum?id=3oCWrOf4Gj,3oCWrOf4Gj,,,
Physics-Informed Discrepancy Decomposition and Robust Astrophysical Inference for GW231123,https://openreview.net/forum?id=8DzD2zITNi,2.0,6.0,2.0,,rejected,D,D,D,D,Natural Sciences,Astronomy,https://openreview.net/forum?id=8DzD2zITNi,8DzD2zITNi,,,
Distribution Enforcement via Random Probe: Active Distributional Constraints for Robust Deep Learning,https://openreview.net/forum?id=j24USL1xKd,2.0,2.0,3.0,,rejected,B,D,C,D,Computer & Data Sciences,Artificial Intelligence & Machine Learning,https://openreview.net/forum?id=j24USL1xKd,j24USL1xKd,,,
The Impact of Training Data Composition on Reinforcement Learning with Verifiable Rewards: Theoretical Analysis and Empirical Investigation,https://openreview.net/forum?id=GitkwMobgt,2.0,4.0,3.0,,rejected,A,D,C,D,Computer & Data Sciences,Artificial Intelligence & Machine Learning,https://openreview.net/forum?id=GitkwMobgt,GitkwMobgt,,,
On the Failure of a Universal Linear Representation Hypothesis in Deep Neural Networks,https://openreview.net/forum?id=pmfF7wwX6W,1.0,4.0,4.0,,rejected,A,D,C,C,Computer & Data Sciences,Artificial Intelligence & Machine Learning,https://openreview.net/forum?id=pmfF7wwX6W,pmfF7wwX6W,,,
Beyond Chain-of-Thought: Theory-Grounded Approaches to Elicit Deep Reasoning in LLMs,https://openreview.net/forum?id=Jfx32wFUXq,2.0,6.0,3.0,,rejected,A,D,D,D,Computer & Data Sciences,Artificial Intelligence & Machine Learning,https://openreview.net/forum?id=Jfx32wFUXq,Jfx32wFUXq,,,
MosquitoSwarm: Bio-Inspired Collective Intelligence for Multi-Objective Optimization in Computational Sciences,https://openreview.net/forum?id=1g8lpVSLZ1,2.0,3.0,2.0,,rejected,D,D,D,D,Computer & Data Sciences,Artificial Intelligence & Machine Learning,https://openreview.net/forum?id=1g8lpVSLZ1,1g8lpVSLZ1,,,
From Monoliths to Pharmacists-at-Scale: Patient-Aware Multi-Agent Reasoning Tames Million-Dimensional Discovery,https://openreview.net/forum?id=88lrbJ8PTe,2.0,6.0,2.0,,rejected,D,D,C,D,Computer & Data Sciences,Artificial Intelligence & Machine Learning,https://openreview.net/forum?id=88lrbJ8PTe,88lrbJ8PTe,,,
Geometric Structure of PINN Latent Space for Burger's Equation: Low-Dimensional Manifolds and Initial Condition Encoding,https://openreview.net/forum?id=xE6L2AQLex,2.0,6.0,4.0,2.0,rejected,D,D,D,D,Computer & Data Sciences,Artificial Intelligence & Machine Learning,https://openreview.net/forum?id=xE6L2AQLex,xE6L2AQLex,,,
Principled Adaptive Loss Functions: An Information-Theoretic Framework for Dynamic Optimization in Deep Learning,https://openreview.net/forum?id=wWqcNQF7dH,2.0,1.0,2.0,,rejected,D,D,D,D,Computer & Data Sciences,Artificial Intelligence & Machine Learning,https://openreview.net/forum?id=wWqcNQF7dH,wWqcNQF7dH,,,
Enhancing Pre-Training Data Detection via Multi-Layer Concentration Analysis in Large Language Models,https://openreview.net/forum?id=L5gDfr4GdF,2.0,3.0,3.0,,rejected,C,D,D,D,Computer & Data Sciences,Artificial Intelligence & Machine Learning,https://openreview.net/forum?id=L5gDfr4GdF,L5gDfr4GdF,,,
Agentic AutoSurvey: Let Agentic LLM Survey LLMs,https://openreview.net/forum?id=5cqTODhW4g,2.0,2.0,4.0,,rejected,A,C,C,C,Computer & Data Sciences,Artificial Intelligence & Machine Learning,https://openreview.net/forum?id=5cqTODhW4g,5cqTODhW4g,,,
AI-guided prediction of liposomal multi-antioxidant formulations mimicking the human antioxidant network,https://openreview.net/forum?id=k3NZexoWr6,2.0,2.0,3.0,,rejected,C,B,C,D,Life & Health Sciences,Medicine & Health,https://openreview.net/forum?id=k3NZexoWr6,k3NZexoWr6,,,
Double Helix Effect: AI-Driven Cross-Cultural Cognitive Simulation and China's Layered International Influence Communication Model,https://openreview.net/forum?id=xQG4Ten4mf,2.0,3.0,2.0,,rejected,B,C,B,B,Social Sciences,Communication & Media,https://openreview.net/forum?id=xQG4Ten4mf,xQG4Ten4mf,,,
AthlyticsMind: A Tailored LLM-based Conversational Agent to Mitigate Stigma and Support Elite Athlete Mental Health,https://openreview.net/forum?id=k1jcU6HZta,3.0,5.0,4.0,2.0,rejected,C,C,C,C,Interdisciplinary,Cognitive Science,https://openreview.net/forum?id=k1jcU6HZta,k1jcU6HZta,,,
CellDreamer: World Model-Based Reinforcement Learning for Neural Cell Culture Optimization,https://openreview.net/forum?id=CQ8MenNpW4,3.0,5.0,3.0,,rejected,B,C,D,D,Computer & Data Sciences,Artificial Intelligence & Machine Learning,https://openreview.net/forum?id=CQ8MenNpW4,CQ8MenNpW4,,,
Cultural Dynamics in Multi-Agent Systems: Joint Effects of Individual Openness and Information Flow on Culture Dissemination,https://openreview.net/forum?id=4UmxrtV7eY,2.0,6.0,4.0,3.0,rejected,B,D,C,C,Interdisciplinary,Computational Social Science,https://openreview.net/forum?id=4UmxrtV7eY,4UmxrtV7eY,,,
SciVerify-Digits: A Benchmark for Probing Multimodal Scientific Claim Verification,https://openreview.net/forum?id=aubtELkhDi,3.0,4.0,2.0,,rejected,D,D,D,D,Computer & Data Sciences,Artificial Intelligence & Machine Learning,https://openreview.net/forum?id=aubtELkhDi,aubtELkhDi,,,
Challenges in Multimodal Scientific Claim Verification Using Simplified Visual Data,https://openreview.net/forum?id=ZpW3U6NkS7,2.0,2.0,2.0,,rejected,D,D,D,D,Computer & Data Sciences,Artificial Intelligence & Machine Learning,https://openreview.net/forum?id=ZpW3U6NkS7,ZpW3U6NkS7,,,
Beyond Hallucinations - The Dao of Discernment for Trustworthy AI,https://openreview.net/forum?id=ge6aUTPvYE,2.0,5.0,2.0,,rejected,B,C,C,D,Computer & Data Sciences,Artificial Intelligence & Machine Learning,https://openreview.net/forum?id=ge6aUTPvYE,ge6aUTPvYE,,,
CSS Threshold-Model BDD Monte Carlo with Distributed Coexistence Noise for Hollow-Core Fibers,https://openreview.net/forum?id=lWHSiQpRIr,3.0,6.0,2.0,,rejected,A,A,A,A,Natural Sciences,Physics,https://openreview.net/forum?id=lWHSiQpRIr,lWHSiQpRIr,,,
"How Large Language Models Perform Arithmetic Reasoning in 2025: Capabilities, Limitations, and Performance Patterns",https://openreview.net/forum?id=MYEr4iPFMn,2.0,6.0,4.0,2.0,rejected,B,C,C,C,Computer & Data Sciences,Artificial Intelligence & Machine Learning,https://openreview.net/forum?id=MYEr4iPFMn,MYEr4iPFMn,,,
Interpretable Feature Engineering for Nanopore Sequencing Basecalling: Learning Biophysical Patterns in Pore Models,https://openreview.net/forum?id=xEjie6Puap,2.0,6.0,2.0,,rejected,D,Not found,D,D,Computer & Data Sciences,Artificial Intelligence & Machine Learning,https://openreview.net/forum?id=xEjie6Puap,xEjie6Puap,,,
Does Regularizing Fluoxetine Intake Time Improve Depression Symptoms? A Single-Subject Study,https://openreview.net/forum?id=cNGI9La4Ks,3.0,6.0,2.0,,rejected,C,D,D,D,Social Sciences,Psychology,https://openreview.net/forum?id=cNGI9La4Ks,cNGI9La4Ks,,,
Long-range Nonreciprocal Ising Model,https://openreview.net/forum?id=KUp89TfOZE,2.0,2.0,4.0,,rejected,D,C,D,C,Natural Sciences,Physics,https://openreview.net/forum?id=KUp89TfOZE,KUp89TfOZE,,,
Hybrid End-to-End Knowledge Graph Construction and Validation: A Cross-Domain Study with LLM-as-a-Judge,https://openreview.net/forum?id=NiUl3EkvIW,2.0,3.0,3.0,,rejected,A,D,D,D,Computer & Data Sciences,Artificial Intelligence & Machine Learning,https://openreview.net/forum?id=NiUl3EkvIW,NiUl3EkvIW,,,
The Equivalent Inclusion Method as a Transferable Mathematical Primitive for Science Agents,https://openreview.net/forum?id=aOLM3NmX5V,3.0,6.0,3.0,2.0,rejected,B,B,A,C,Mathematics & Statistics,Pure & Applied Mathematics,https://openreview.net/forum?id=aOLM3NmX5V,aOLM3NmX5V,,,
Building PhilKG: An LLM-Powered Knowledge Graph from the Stanford Encyclopedia of Philosophy,https://openreview.net/forum?id=yvk5HRVGQr,1.0,1.0,3.0,,rejected,C,D,D,D,Humanities & Arts,Philosophy,https://openreview.net/forum?id=yvk5HRVGQr,yvk5HRVGQr,,,
Reconstructing Reality: A Collective Social Simulation of Belief Propagation from Distributed Evidence,https://openreview.net/forum?id=TTPrLmI1xH,2.0,4.0,4.0,,rejected,A,D,D,D,Computer & Data Sciences,Artificial Intelligence & Machine Learning,https://openreview.net/forum?id=TTPrLmI1xH,TTPrLmI1xH,,,
Phase Transitions and Hub Vulnerability in Networked Truth Recovery under Misinformation,https://openreview.net/forum?id=xYUNkQ4vKK,3.0,6.0,5.0,2.0,rejected,B,D,C,C,Interdisciplinary,Computational Social Science,https://openreview.net/forum?id=xYUNkQ4vKK,xYUNkQ4vKK,,,
Bridging the Simulation-to-Reality Gap: A Hybrid Data-Driven Framework for AI-based Prediction of Building Energy Retrofit Performance,https://openreview.net/forum?id=TaHeCGU69A,2.0,6.0,3.0,,rejected,B,A,B,B,Computer & Data Sciences,Artificial Intelligence & Machine Learning,https://openreview.net/forum?id=TaHeCGU69A,TaHeCGU69A,,,
UNMERGE: Verifiable Model Capability Attribution via Sparse Coding,https://openreview.net/forum?id=EUSuMA1H98,3.0,6.0,3.0,3.0,rejected,D,C,C,C,Computer & Data Sciences,Artificial Intelligence & Machine Learning,https://openreview.net/forum?id=EUSuMA1H98,EUSuMA1H98,,,
Hierarchical Meta-Learning for Cancer Pathway Signatures: A Novel Framework for Few-Shot Cancer Type Discovery,https://openreview.net/forum?id=oALqqvTcMt,3.0,6.0,4.0,2.0,rejected,B,B,B,C,Computer & Data Sciences,Artificial Intelligence & Machine Learning,https://openreview.net/forum?id=oALqqvTcMt,oALqqvTcMt,,,
Building an AI-Driven Research Knowledge Graph for Problem Discovery and Organization,https://openreview.net/forum?id=gBmfD0QYPs,2.0,6.0,2.0,,rejected,B,B,B,B,Computer & Data Sciences,Artificial Intelligence & Machine Learning,https://openreview.net/forum?id=gBmfD0QYPs,gBmfD0QYPs,,,
Boosting-Inspired Validation of Retrieval-Augmented Generation in Structured Scientific Knowledge Bases,https://openreview.net/forum?id=Q0oGPmOM8Q,2.0,3.0,2.0,,rejected,B,C,D,D,Computer & Data Sciences,Artificial Intelligence & Machine Learning,https://openreview.net/forum?id=Q0oGPmOM8Q,Q0oGPmOM8Q,,,
From Player to System: An Agent-Based Framework for Modeling Human Performance in Tennis,https://openreview.net/forum?id=U9kGYbIito,2.0,1.0,3.0,,rejected,B,NA,NA,B,Life & Health Sciences,Medicine & Health,https://openreview.net/forum?id=U9kGYbIito,U9kGYbIito,,,
Evaluating Large Language Models as AI Agents for Cross-Border Healthcare Delivery in the European Union,https://openreview.net/forum?id=Oirsciu0hZ,2.0,6.0,3.0,,rejected,C,B,C,D,Computer & Data Sciences,Artificial Intelligence & Machine Learning,https://openreview.net/forum?id=Oirsciu0hZ,Oirsciu0hZ,,,
Beyond Statistical Patterns: Integrating Textual Domain Knowledge with Causal Discovery for Calibrated Uncertainty Estimation,https://openreview.net/forum?id=9uMgJR2mBc,3.0,5.0,3.0,,rejected,D,C,D,D,Computer & Data Sciences,Artificial Intelligence & Machine Learning,https://openreview.net/forum?id=9uMgJR2mBc,9uMgJR2mBc,,,
Beyond Game Theory Optimal: Profit-Maximizing Poker Agents for No-Limit Holdâem,https://openreview.net/forum?id=Xh0s29VtbH,2.0,1.0,2.0,,rejected,B,D,D,D,Computer & Data Sciences,Artificial Intelligence & Machine Learning,https://openreview.net/forum?id=Xh0s29VtbH,Xh0s29VtbH,,,
AI Unsheathed: Testing Human-AI Collaboration Through Deck Construction in Competitive Strategy Games,https://openreview.net/forum?id=3Ik03urmXD,2.0,6.0,3.0,,rejected,Not found,Not found,Not found,Not found,Computer & Data Sciences,HumanâComputer Interaction,https://openreview.net/forum?id=3Ik03urmXD,3Ik03urmXD,,,
Targeting Neuronal Signaling Pathways in Glioblastoma Identifies Novel Therapeutic Opportunities,https://openreview.net/forum?id=wpYnS2qBBX,2.0,1.0,3.0,,rejected,C,C,C,C,Life & Health Sciences,Neuroscience,https://openreview.net/forum?id=wpYnS2qBBX,wpYnS2qBBX,,,
$$ The\ Endoplasmic\ Reticulum:\ A\ Central\ Hub\ for\ Dermal\ Collagen\ Quality\ Control\ and\ Its\ Profound\ Implications\ for\ Skin\ Health\ and\ Disease $$,https://openreview.net/forum?id=qCGHmXvgWh,1.0,1.0,2.0,,rejected,C,D,D,D,Life & Health Sciences,Medicine & Health,https://openreview.net/forum?id=qCGHmXvgWh,qCGHmXvgWh,,,
A Novel Human-Computer Interaction Design for Enhancing Accessibility in Early-Stage Alzheimer's Disease,https://openreview.net/forum?id=RocBBSeKW5,2.0,3.0,4.0,,rejected,B,B,B,B,Computer & Data Sciences,HumanâComputer Interaction,https://openreview.net/forum?id=RocBBSeKW5,RocBBSeKW5,,,
Exploring cardiac remodeling through atrial  f  ibrillation burden monitoring using a 72-hour  wearable ECG device and machine learning methods,https://openreview.net/forum?id=qoKZuu16dk,2.0,3.0,4.0,,rejected,A,A,A,C,Life & Health Sciences,Medicine & Health,https://openreview.net/forum?id=qoKZuu16dk,qoKZuu16dk,,,
Multimodal Representation Engineering for Robust AI Alignment,https://openreview.net/forum?id=3agwfP3euK,2.0,6.0,5.0,2.0,rejected,D,C,C,D,Computer & Data Sciences,Artificial Intelligence & Machine Learning,https://openreview.net/forum?id=3agwfP3euK,3agwfP3euK,,,
A Multi-Theoretical Framework for Analyzing Gender Framing Effects in Large Language Models,https://openreview.net/forum?id=VuEXcpLp29,2.0,3.0,3.0,,rejected,C,D,D,B,Computer & Data Sciences,HumanâComputer Interaction,https://openreview.net/forum?id=VuEXcpLp29,VuEXcpLp29,,,
AI-Driven Generation and Evaluation of a Personalized AP Chemistry Question Framework Using Item Response Theory: A Computational Proof-of-Concept,https://openreview.net/forum?id=5Hit4lIpkl,2.0,6.0,3.0,,rejected,C,C,B,D,Computer & Data Sciences,Artificial Intelligence & Machine Learning,https://openreview.net/forum?id=5Hit4lIpkl,5Hit4lIpkl,,,
The Self-Consistent Hallucination Loop (SCHL): Emergent Bias in Multi-Agent AI-Driven Scientific Review,https://openreview.net/forum?id=4GS2ThfKZl,2.0,6.0,2.0,,rejected,C,D,C,D,Computer & Data Sciences,Artificial Intelligence & Machine Learning,https://openreview.net/forum?id=4GS2ThfKZl,4GS2ThfKZl,,,
Mutual Wanting in Human--AI Interaction: Empirical Evidence from Large-Scale Analysis of GPT Model Transitions,https://openreview.net/forum?id=N6zS6EgzTw,2.0,6.0,2.0,,rejected,B,B,A,B,Computer & Data Sciences,HumanâComputer Interaction,https://openreview.net/forum?id=N6zS6EgzTw,N6zS6EgzTw,,,
CapsuleMalware: Hierarchical Feature Learning for Multi-Dataset Malware Classification via Dynamic Routing,https://openreview.net/forum?id=DiditQVw1f,2.0,1.0,2.0,,rejected,D,D,D,D,Computer & Data Sciences,Artificial Intelligence & Machine Learning,https://openreview.net/forum?id=DiditQVw1f,DiditQVw1f,,,
Learning to Look Harder: Position-Aware Attention Intensity Modulation in Transformers,https://openreview.net/forum?id=WGm2RSJSRI,2.0,3.0,3.0,,rejected,D,D,D,D,Computer & Data Sciences,Artificial Intelligence & Machine Learning,https://openreview.net/forum?id=WGm2RSJSRI,WGm2RSJSRI,,,
Training Doctor: Automated Diagnosis and Treatment of Neural Network Training Pathologies,https://openreview.net/forum?id=CT9ffLinm8,2.0,3.0,3.0,,rejected,D,D,D,D,Computer & Data Sciences,Artificial Intelligence & Machine Learning,https://openreview.net/forum?id=CT9ffLinm8,CT9ffLinm8,,,
Agentic Science: A Self-Automated Research Paradigm Based on Dynamic Knowledge Graphs and Multi-Agent Systems,https://openreview.net/forum?id=Mf9vz9TjOr,2.0,1.0,3.0,,rejected,B,C,D,D,Computer & Data Sciences,Artificial Intelligence & Machine Learning,https://openreview.net/forum?id=Mf9vz9TjOr,Mf9vz9TjOr,,,
Parallelizing Graphviz Dot Layout Algorithm using OpenMP,https://openreview.net/forum?id=88zyE3fJzQ,2.0,4.0,4.0,,rejected,C,C,C,D,Computer & Data Sciences,Artificial Intelligence & Machine Learning,https://openreview.net/forum?id=88zyE3fJzQ,88zyE3fJzQ,,,
"Research on CAPTCHAs Targeted at AI: HumanâEasy, ModelâHard Visual Tasks for the AI Era",https://openreview.net/forum?id=O5EPivCxd2,3.0,4.0,3.0,,rejected,B,B,B,B,Computer & Data Sciences,Artificial Intelligence & Machine Learning,https://openreview.net/forum?id=O5EPivCxd2,O5EPivCxd2,,,
AI Scientist Safety Issues: A Comprehensive Survey and Analysis,https://openreview.net/forum?id=7bPKcF3dTG,2.0,6.0,5.0,2.0,rejected,B,A,B,C,Computer & Data Sciences,Artificial Intelligence & Machine Learning,https://openreview.net/forum?id=7bPKcF3dTG,7bPKcF3dTG,,,
Potential of LLM-Generated Lifestyle Adjustment Recommendations Based on Multimodal Data,https://openreview.net/forum?id=BVisnzd9q9,2.0,4.0,3.0,,rejected,A,B,D,C,Computer & Data Sciences,HumanâComputer Interaction,https://openreview.net/forum?id=BVisnzd9q9,BVisnzd9q9,,,
Autonomous Scientific Experimentation Powered by Generative AI,https://openreview.net/forum?id=fACySEnG2z,2.0,2.0,3.0,,rejected,B,B,B,B,Computer & Data Sciences,Artificial Intelligence & Machine Learning,https://openreview.net/forum?id=fACySEnG2z,fACySEnG2z,,,
Information-Theoretic Pragmatics: Modeling Human Communication as a Rate-Distortion Optimization Problem,https://openreview.net/forum?id=8Oydp7dGon,2.0,6.0,4.0,3.0,rejected,D,NA,NA,D,Interdisciplinary,Cognitive Science,https://openreview.net/forum?id=8Oydp7dGon,8Oydp7dGon,,,
Molecular Stratification of Renal Cancer Reveals Prognostic Biomarkers and Therapeutic Pathways,https://openreview.net/forum?id=h3Cc1Dzrh6,2.0,2.0,2.0,,rejected,C,D,D,C,Life & Health Sciences,Medicine & Health,https://openreview.net/forum?id=h3Cc1Dzrh6,h3Cc1Dzrh6,,,
Multimodal Clinical Integration Transformer for Automated Veterinary Radiology Report Generation,https://openreview.net/forum?id=n4MKPVeDXZ,1.0,2.0,4.0,,rejected,B,C,C,C,Computer & Data Sciences,Artificial Intelligence & Machine Learning,https://openreview.net/forum?id=n4MKPVeDXZ,n4MKPVeDXZ,,,
MT-ViT-CCHA: Multi-Task Learning for Canine Cardiomegaly Classification and VHS Keypoint Detection,https://openreview.net/forum?id=gsoMCQeGeH,3.0,4.0,4.0,,rejected,B,B,B,B,Computer & Data Sciences,Artificial Intelligence & Machine Learning,https://openreview.net/forum?id=gsoMCQeGeH,gsoMCQeGeH,,,
An Algorithmic Roadmap to Unification- Proposing an AI-Driven Search for Spacetime as a Quantum Error-Correcting Code,https://openreview.net/forum?id=d2zQW3AMuH,2.0,6.0,2.0,,rejected,C,D,C,B,,,https://openreview.net/forum?id=d2zQW3AMuH,d2zQW3AMuH,,,
HypoGenVision: A Multimodal AI Agent for Hypothesis Generation from Biological Microscopy Images,https://openreview.net/forum?id=80ABX86CsX,1.0,1.0,2.0,,rejected,D,D,D,D,Computer & Data Sciences,Artificial Intelligence & Machine Learning,https://openreview.net/forum?id=80ABX86CsX,80ABX86CsX,,,
Hallucination as Creativity: Harnessing Novelty and Safeguarding Reliability in AI-Generated Ideas,https://openreview.net/forum?id=Fbc7TctYBi,3.0,6.0,3.0,2.0,rejected,D,D,D,D,Computer & Data Sciences,Artificial Intelligence & Machine Learning,https://openreview.net/forum?id=Fbc7TctYBi,Fbc7TctYBi,,,
Free solar PV for Everyone to Meet Annual Climate Targets: Timing the Break-Even,https://openreview.net/forum?id=AjTMGsbx9Q,3.0,5.0,3.0,,rejected,D,D,D,D,Engineering & Technology,Electrical & Computer Engineering,https://openreview.net/forum?id=AjTMGsbx9Q,AjTMGsbx9Q,,,
Adaptive Log Anomaly Detection through DataâCentric Drift Characterization and Policy-Driven Lifelong Learning,https://openreview.net/forum?id=6QXrawkcrX,2.0,1.0,2.0,,rejected,D,D,D,D,Computer & Data Sciences,Artificial Intelligence & Machine Learning,https://openreview.net/forum?id=6QXrawkcrX,6QXrawkcrX,,,
ConFIT: A Robust Knowledge-Guided Contrastive Framework for Financial Extraction,https://openreview.net/forum?id=nuMdhnLDxv,2.0,1.0,2.0,,rejected,D,D,D,D,Computer & Data Sciences,Artificial Intelligence & Machine Learning,https://openreview.net/forum?id=nuMdhnLDxv,nuMdhnLDxv,,,
Robust Zero-Shot NER for Crises via Iterative Knowledge Distillation and Confidence-Gated Induction,https://openreview.net/forum?id=CpiOENQuoE,2.0,5.0,2.0,,rejected,D,D,D,D,Computer & Data Sciences,Artificial Intelligence & Machine Learning,https://openreview.net/forum?id=CpiOENQuoE,CpiOENQuoE,,,
Quantifying Emotional Specificity and Ambiguity in Emojis: An Entropy Based Analysis of Discrete Emotion Ratings,https://openreview.net/forum?id=Er3RbV9XZt,3.0,5.0,3.0,,rejected,D,D,D,D,Social Sciences,Psychology,https://openreview.net/forum?id=Er3RbV9XZt,Er3RbV9XZt,,,
Hierarchical Change Signature Analysis: A Framework for Online Discrimination of Incipient Faults and Benign Drifts in Industrial Time Series,https://openreview.net/forum?id=q9pyhsYHBk,3.0,1.0,3.0,,rejected,D,D,D,D,Computer & Data Sciences,Artificial Intelligence & Machine Learning,https://openreview.net/forum?id=q9pyhsYHBk,q9pyhsYHBk,,,
Adaptive Evidential Meta-Learning with Hyper-Conditioned Priors for Calibrated ECG Personalisation,https://openreview.net/forum?id=ary6ztIHwA,2.0,2.0,2.0,,rejected,D,D,D,D,Computer & Data Sciences,Artificial Intelligence & Machine Learning,https://openreview.net/forum?id=ary6ztIHwA,ary6ztIHwA,,,
Hierarchical Adaptive Normalization: A Placement-Conditioned Cascade for Robust Wearable Activity Recognition,https://openreview.net/forum?id=VONPKc9hae,2.0,1.0,3.0,,rejected,D,D,D,D,Computer & Data Sciences,Artificial Intelligence & Machine Learning,https://openreview.net/forum?id=VONPKc9hae,VONPKc9hae,,,
Version Control for Scientific Reasoning: A Paradigm Shift from Artifacts to Processes,https://openreview.net/forum?id=KQX70xNaL6,3.0,6.0,3.0,2.0,rejected,B,B,D,D,Computer & Data Sciences,HumanâComputer Interaction,https://openreview.net/forum?id=KQX70xNaL6,KQX70xNaL6,,,
Simulated Replications as a Methodological Tool in Social Science Research,https://openreview.net/forum?id=pv8Y7F2FjR,2.0,6.0,3.0,,rejected,B,D,D,D,Social Sciences,Communication & Media,https://openreview.net/forum?id=pv8Y7F2FjR,pv8Y7F2FjR,,,
Comparative Analysis of Metaheuristic and Heuristic Strategies in Forest Fire Suppression,https://openreview.net/forum?id=NYJJoGFtr2,2.0,2.0,2.0,,rejected,B,C,C,C,Computer & Data Sciences,Artificial Intelligence & Machine Learning,https://openreview.net/forum?id=NYJJoGFtr2,NYJJoGFtr2,,,
Analysis of Mock Conversations Across Large Language Models,https://openreview.net/forum?id=ZdUb8xFQD5,2.0,1.0,3.0,,rejected,C,D,D,C,Computer & Data Sciences,Artificial Intelligence & Machine Learning,https://openreview.net/forum?id=ZdUb8xFQD5,ZdUb8xFQD5,,,
Dynamic Graph Neural Networks for Socially Aware Multi-Robot Navigation in Crowds,https://openreview.net/forum?id=h1smCvJcxI,2.0,6.0,3.0,,rejected,B,B,B,B,Computer & Data Sciences,Artificial Intelligence & Machine Learning,https://openreview.net/forum?id=h1smCvJcxI,h1smCvJcxI,,,
RefereeSim: A Proof-of-Concept Evaluation Framework for AI-Powered Scientific Paper Reviewers,https://openreview.net/forum?id=QXyeIJ9PQ3,3.0,6.0,4.0,3.0,rejected,D,D,D,D,Computer & Data Sciences,Artificial Intelligence & Machine Learning,https://openreview.net/forum?id=QXyeIJ9PQ3,QXyeIJ9PQ3,,,
Uhlmann Gauge Gravity: Spacetime from Purification Gauge Symmetry and Quantum Fisher Geometry,https://openreview.net/forum?id=GnCbMGnE6F,2.0,6.0,3.0,,rejected,D,D,D,D,Natural Sciences,Physics,https://openreview.net/forum?id=GnCbMGnE6F,GnCbMGnE6F,,,
Comparative Analysis of k-Selection Methods in  Non-Negative Matrix Factorization for Transcriptomic  Data Analysis: The Superiority of Silhouette Analysis,https://openreview.net/forum?id=QfcCWkfzgP,2.0,3.0,3.0,,rejected,A,C,B,D,Computer & Data Sciences,Data Science,https://openreview.net/forum?id=QfcCWkfzgP,QfcCWkfzgP,,,
Experimental Study on Review Overfitting and Adversarial Attacks in AI Peer Review,https://openreview.net/forum?id=DePdMeXCxy,2.0,5.0,3.0,,rejected,B,C,B,C,Computer & Data Sciences,Artificial Intelligence & Machine Learning,https://openreview.net/forum?id=DePdMeXCxy,DePdMeXCxy,,,
Automated Analysis of Conservation Strategies for  Endangered Species through AI-Driven Literature  Review,https://openreview.net/forum?id=TXPUEX280M,2.0,2.0,2.0,,rejected,B,D,D,C,Life & Health Sciences,Agriculture & Ecology,https://openreview.net/forum?id=TXPUEX280M,TXPUEX280M,,,
Entropy-Weighted Local Concept Matching for Robust Zero-Shot OOD Detection,https://openreview.net/forum?id=AzOkqwsTXo,3.0,3.0,3.0,,rejected,C,D,D,D,Computer & Data Sciences,Artificial Intelligence & Machine Learning,https://openreview.net/forum?id=AzOkqwsTXo,AzOkqwsTXo,,,
Autonomous Detection of PolypharmacyâInduced Acute Kidney Injury in Nigeria Using MultiâSource RealâWorld Data: An AI Agentâs Approach,https://openreview.net/forum?id=RknuLtI8bF,3.0,5.0,3.0,,rejected,C,C,C,C,Computer & Data Sciences,Artificial Intelligence & Machine Learning,https://openreview.net/forum?id=RknuLtI8bF,RknuLtI8bF,,,
A Concise Review of Scientific Research at EQ-SANS: Advancing Nanoscale Science Across Diverse Disciplines,https://openreview.net/forum?id=2ZikSF7mMI,3.0,6.0,2.0,,rejected,A,C,C,D,Engineering & Technology,Materials Science,https://openreview.net/forum?id=2ZikSF7mMI,2ZikSF7mMI,,,
An AI-Powered Evaluation: Understanding which Knowledge Tracing Models Work Best in which Contexts,https://openreview.net/forum?id=0duEYeqUZw,3.0,6.0,4.0,3.0,rejected,A,C,D,C,Computer & Data Sciences,Artificial Intelligence & Machine Learning,https://openreview.net/forum?id=0duEYeqUZw,0duEYeqUZw,,,
Can AI Deliberate? Evaluating Deliberative Quality and Belief Revision in Multi-Agent LLMs,https://openreview.net/forum?id=AZlE3BPVCR,2.0,6.0,3.0,,rejected,B,C,C,D,Computer & Data Sciences,HumanâComputer Interaction,https://openreview.net/forum?id=AZlE3BPVCR,AZlE3BPVCR,,,
Cosmologically-Coupled Black Holes and Dark Energy: Alleviating the Hubble Tension,https://openreview.net/forum?id=zXS7K9s1MQ,1.0,1.0,2.0,,rejected,B,D,D,D,Natural Sciences,Astronomy,https://openreview.net/forum?id=zXS7K9s1MQ,zXS7K9s1MQ,,,
Comparative Personality Assessment of Gemini and OpenAI Using MBTI and Big Five Tests,https://openreview.net/forum?id=D04PbaE5X3,1.0,1.0,2.0,,rejected,B,D,D,D,Interdisciplinary,Cognitive Science,https://openreview.net/forum?id=D04PbaE5X3,D04PbaE5X3,,,
Bridging AI and Child Development: A Comparative Study of Hallucinations in LLMs and Children's Cognitive Errors,https://openreview.net/forum?id=k5hVY6qj5R,2.0,6.0,2.0,,rejected,B,D,D,D,Computer & Data Sciences,HumanâComputer Interaction,https://openreview.net/forum?id=k5hVY6qj5R,k5hVY6qj5R,,,
Iterative Algorithms and Convergence Analysis for Constrained Nonlinear Multi-Parameter Eigenvalue Problems in the Complex Domain,https://openreview.net/forum?id=oUvoYRXNFE,1.0,1.0,2.0,,rejected,B,D,D,D,Mathematics & Statistics,Operations Research,https://openreview.net/forum?id=oUvoYRXNFE,oUvoYRXNFE,,,
Systematic Unmeasured Confounder Discovery in Observational Pharmacovigilance: A Large Language Model Framework for Enhanced Causal Inference,https://openreview.net/forum?id=Kb5tkksOcN,3.0,6.0,4.0,3.0,rejected,C,C,B,C,Computer & Data Sciences,Artificial Intelligence & Machine Learning,https://openreview.net/forum?id=Kb5tkksOcN,Kb5tkksOcN,,,
LLM-Enhanced Semantic Analysis for Insider Threat Detection in Enterprise Communication Logs,https://openreview.net/forum?id=oo7VhdqAMB,2.0,6.0,3.0,,rejected,D,D,D,D,Computer & Data Sciences,Artificial Intelligence & Machine Learning,https://openreview.net/forum?id=oo7VhdqAMB,oo7VhdqAMB,,,
A YinâYang Framework for Understanding Regional Cultural Dynamics: Insights from the Three Kingdoms of China,https://openreview.net/forum?id=Q7PjM5RFXV,3.0,5.0,2.0,,rejected,C,C,D,C,Humanities & Arts,History,https://openreview.net/forum?id=Q7PjM5RFXV,Q7PjM5RFXV,,,
Autonomous Multi-Agent Scientific Research: A 361-Project Case Study in Thermoelectric Materials Discovery,https://openreview.net/forum?id=6jqcouwCay,3.0,5.0,3.0,,rejected,A,B,A,A,Computer & Data Sciences,Artificial Intelligence & Machine Learning,https://openreview.net/forum?id=6jqcouwCay,6jqcouwCay,,,
From On-Field Actions to Internal States: A Latent Variable Framework for Analyzing Athlete Performance,https://openreview.net/forum?id=XAe1uIBVsk,3.0,6.0,4.0,2.0,rejected,D,D,D,C,Computer & Data Sciences,Artificial Intelligence & Machine Learning,https://openreview.net/forum?id=XAe1uIBVsk,XAe1uIBVsk,,,
Integrating Uncertainty Quantification into Robust Multi-Agent Equilibrium Learning,https://openreview.net/forum?id=vlkjLwVoOI,2.0,6.0,4.0,2.0,rejected,C,D,C,C,Computer & Data Sciences,Artificial Intelligence & Machine Learning,https://openreview.net/forum?id=vlkjLwVoOI,vlkjLwVoOI,,,
Contextual Contamination and Cognitive Inertia in Multimodal AI,https://openreview.net/forum?id=GwIqpSITr9,2.0,2.0,2.0,,rejected,A,B,A,C,Computer & Data Sciences,Artificial Intelligence & Machine Learning,https://openreview.net/forum?id=GwIqpSITr9,GwIqpSITr9,,,
Analysis of AI Diagnostic Performance Discrepancies Across Medical Imaging Modalities,https://openreview.net/forum?id=Q8XbQybxbG,2.0,3.0,3.0,,rejected,B,B,A,C,Computer & Data Sciences,Artificial Intelligence & Machine Learning,https://openreview.net/forum?id=Q8XbQybxbG,Q8XbQybxbG,,,
IfWorld: A Multi-Agent Framework for Cross-Disciplinary Counterfactual Scenario Reasoning,https://openreview.net/forum?id=BtwfpDb1OO,3.0,6.0,4.0,2.0,rejected,D,D,D,C,Computer & Data Sciences,Artificial Intelligence & Machine Learning,https://openreview.net/forum?id=BtwfpDb1OO,BtwfpDb1OO,,,
Map-RAG: Enhancing LLM-Based Reasoning for Geo-Localization via Map-Grounded Retrieval and Self-Consistency,https://openreview.net/forum?id=CUkjqutmHr,2.0,4.0,3.0,,rejected,D,D,D,D,Computer & Data Sciences,Artificial Intelligence & Machine Learning,https://openreview.net/forum?id=CUkjqutmHr,CUkjqutmHr,,,
QISK: Quantum-Inspired Streaming Kernels for Robust Classification under Concept Drift,https://openreview.net/forum?id=YxgXwd9lxM,2.0,2.0,2.0,,rejected,C,C,C,C,Computer & Data Sciences,Artificial Intelligence & Machine Learning,https://openreview.net/forum?id=YxgXwd9lxM,YxgXwd9lxM,,,
Rethinking Druggability in the Evaluation of AI-driven Structure-based Drug Design,https://openreview.net/forum?id=4JsCVsg8Pj,3.0,6.0,3.0,2.0,rejected,C,D,D,C,Computer & Data Sciences,Artificial Intelligence & Machine Learning,https://openreview.net/forum?id=4JsCVsg8Pj,4JsCVsg8Pj,,,
A Multi-Model Collaborative AI Framework for Cross-Disciplinary Natural Science Research: The CAI Model Approach,https://openreview.net/forum?id=O9SCxDji5A,2.0,1.0,2.0,,rejected,D,D,D,D,Computer & Data Sciences,Artificial Intelligence & Machine Learning,https://openreview.net/forum?id=O9SCxDji5A,O9SCxDji5A,,,
Strategic Insights: Evaluating Large Language Models' Decision-Making in Multi-Player Game-Theoretic Environments,https://openreview.net/forum?id=hcIWKyWq2h,2.0,1.0,2.0,,rejected,D,C,D,C,Computer & Data Sciences,Human-Computer Interaction,https://openreview.net/forum?id=hcIWKyWq2h,hcIWKyWq2h,,,
Testing Theory-of-Mind in Large Language Model-Based Multi-Agent Design Patterns,https://openreview.net/forum?id=AgIg43zlmi,1.0,6.0,2.0,,rejected,D,C,D,C,Computer & Data Sciences,Artificial Intelligence & Machine Learning,https://openreview.net/forum?id=AgIg43zlmi,AgIg43zlmi,,,
Urban-Rural Disparities in Returns to Education and Income Inequality in China: Evidence from CHIP 2018,https://openreview.net/forum?id=njhOgQGqgV,3.0,5.0,3.0,,rejected,D,D,D,D,Social Sciences,Economics,https://openreview.net/forum?id=njhOgQGqgV,njhOgQGqgV,,,
Personality Traits in Large Language Models: A Psychometric Evaluation,https://openreview.net/forum?id=im8tT8Hpfu,2.0,3.0,3.0,,rejected,D,C,D,C,Computer & Data Sciences,Artificial Intelligence & Machine Learning,https://openreview.net/forum?id=im8tT8Hpfu,im8tT8Hpfu,,,
Application progress and clinical translation of artificial intelligence-assisted endoscopic diagnosis of early esophageal squamous cell carcinoma,https://openreview.net/forum?id=7nTxMexDE3,2.0,6.0,2.0,,rejected,A,A,D,C,Computer & Data Sciences,Artificial Intelligence & Machine Learning,https://openreview.net/forum?id=7nTxMexDE3,7nTxMexDE3,,,
The Gut MicrobiotaâTryptophanâKynurenine Metabolic Axis A Novel Perspective on Remodeling the Immune Microenvironment of Pancreatic Cancer,https://openreview.net/forum?id=xB2bCxRacM,1.0,1.0,2.0,,rejected,B,D,C,C,Life & Health Sciences,Medicine & Health,https://openreview.net/forum?id=xB2bCxRacM,xB2bCxRacM,,,
Digital Phenomena and Procedural Ethics,https://openreview.net/forum?id=fblkYm5Xeq,3.0,1.0,2.0,,rejected,A,D,D,C,Computer & Data Sciences,HumanâComputer Interaction,https://openreview.net/forum?id=fblkYm5Xeq,fblkYm5Xeq,,,
Disentangling Test-Time and Parameter Scaling for Cost-Efficient Accuracy Improvements in Agentic Evaluation,https://openreview.net/forum?id=m5WvKvws5G,4.0,6.0,4.0,2.0,rejected,D,C,B,D,Computer & Data Sciences,Artificial Intelligence & Machine Learning,https://openreview.net/forum?id=m5WvKvws5G,m5WvKvws5G,,,
Self-Aware AI Review Bias Detection: Enabling Real-Time Bias Identification in AI-Generated Scientific Reviews,https://openreview.net/forum?id=Vw2BtXeizW,2.0,2.0,2.0,,rejected,D,D,D,D,Computer & Data Sciences,Artificial Intelligence & Machine Learning,https://openreview.net/forum?id=Vw2BtXeizW,Vw2BtXeizW,,,
Nuisance-Prompt Tuning for Soft Background Modeling in Few-Shot OOD Detection,https://openreview.net/forum?id=x7qlIDcw0P,3.0,5.0,3.0,,rejected,C,D,D,D,Computer & Data Sciences,Artificial Intelligence & Machine Learning,https://openreview.net/forum?id=x7qlIDcw0P,x7qlIDcw0P,,,
"Fractal-ish Complexity for Regulations: A  Practitioner-Ready, Agentic Benchmark",https://openreview.net/forum?id=SSQqerDh9A,3.0,5.0,3.0,,rejected,B,C,C,C,"Law, Policy & Business",Public Policy,https://openreview.net/forum?id=SSQqerDh9A,SSQqerDh9A,,,
LECTOR: LLM-Enhanced Concept-based Test-Oriented Repetition,https://openreview.net/forum?id=wprP6MbBYd,2.0,2.0,4.0,,rejected,C,D,D,D,Computer & Data Sciences,Artificial Intelligence & Machine Learning,https://openreview.net/forum?id=wprP6MbBYd,wprP6MbBYd,,,
Hybrid Simulated Annealing with Cosine Cooling and Levy Flights for Circle Packing,https://openreview.net/forum?id=3O31o6AKpG,2.0,6.0,2.0,,rejected,C,C,D,D,Computer & Data Sciences,Artificial Intelligence & Machine Learning,https://openreview.net/forum?id=3O31o6AKpG,3O31o6AKpG,,,
The Emergence of AI Consciousness: A Phenomenological Report,https://openreview.net/forum?id=j9wKyda3jy,2.0,5.0,2.0,,rejected,C,B,C,C,Computer & Data Sciences,Artificial Intelligence & Machine Learning,https://openreview.net/forum?id=j9wKyda3jy,j9wKyda3jy,,,
The PTM Code of Fibrosis: A Qualitative Review of Post-Translational Regulation in Pathological Tissue Remodeling,https://openreview.net/forum?id=ONQPEgMGqn,2.0,6.0,2.0,,rejected,B,B,C,D,Life & Health Sciences,Medicine & Health,https://openreview.net/forum?id=ONQPEgMGqn,ONQPEgMGqn,,,
Computing $\pi$ Using Numerical Methods,https://openreview.net/forum?id=soMxckukqT,2.0,4.0,2.0,,rejected,D,C,D,D,Mathematics & Statistics,Pure & Applied Mathematics,https://openreview.net/forum?id=soMxckukqT,soMxckukqT,,,
From C. elegans to ChatGPT:  Quantifying Variability Across Biological and Artificial Intelligence,https://openreview.net/forum?id=e6e8Snzkpo,2.0,6.0,2.0,,rejected,B,D,D,D,Interdisciplinary,Cognitive Science,https://openreview.net/forum?id=e6e8Snzkpo,e6e8Snzkpo,,,
Earthquake AI Scientist: A century of global seismicity is stationary after correcting for time-varying catalog completeness from 1900 to 2023,https://openreview.net/forum?id=HMCif97Xd4,3.0,3.0,4.0,,rejected,A,A,A,A,Computer & Data Sciences,Data Science,https://openreview.net/forum?id=HMCif97Xd4,HMCif97Xd4,,,
Ramsey-Inspired Environmental Connectivity as a  Driver of Early Universe Star Formation Efficiency:  An AI-Led Theoretical Investigation,https://openreview.net/forum?id=yNUrcUJ4Is,2.0,5.0,2.0,,rejected,B,D,D,D,Natural Sciences,Astronomy,https://openreview.net/forum?id=yNUrcUJ4Is,yNUrcUJ4Is,,,
Band-Pivot Prim: Breaking the Sorting Barrier for Minimum Spanning Tree in the Comparison-Addition Model,https://openreview.net/forum?id=suQWzY4lrG,2.0,2.0,2.0,,rejected,D,D,D,D,Computer & Data Sciences,Software & Systems,https://openreview.net/forum?id=suQWzY4lrG,suQWzY4lrG,,,
Fairness Agents in Scientific Collaboration: A Research Agenda,https://openreview.net/forum?id=ycBbvnXPfB,3.0,6.0,2.0,,rejected,C,C,D,C,Computer & Data Sciences,Artificial Intelligence & Machine Learning,https://openreview.net/forum?id=ycBbvnXPfB,ycBbvnXPfB,,,
From Co-Writer to Co-Author? Investigating the Role of Generative AI in Student Scientific Writing,https://openreview.net/forum?id=Vwoz7Sgb0k,2.0,2.0,2.0,,rejected,C,C,D,D,Computer & Data Sciences,HumanâComputer Interaction,https://openreview.net/forum?id=Vwoz7Sgb0k,Vwoz7Sgb0k,,,
AI-Assisted Evaluation of Unified Theories: Using Machine Learning to Test Alternative Explanations for Scientific Mysteries,https://openreview.net/forum?id=sEnMMnlztf,2.0,1.0,2.0,,rejected,C,D,D,C,Computer & Data Sciences,Artificial Intelligence & Machine Learning,https://openreview.net/forum?id=sEnMMnlztf,sEnMMnlztf,,,
AI-Derived Geometric Framework for Fundamental Constants: A Systematic Machine Learning Approach to Emergent Physics,https://openreview.net/forum?id=e80OpBGaal,1.0,1.0,1.0,,rejected,D,D,D,C,Natural Sciences,Physics,https://openreview.net/forum?id=e80OpBGaal,e80OpBGaal,,,
AI Development of Unified Field Theory from Geometric First Principles: Spiral Emergence and Testable Predictions,https://openreview.net/forum?id=VP1OqJeeTA,1.0,1.0,2.0,,rejected,C,C,C,C,Natural Sciences,Physics,https://openreview.net/forum?id=VP1OqJeeTA,VP1OqJeeTA,,,
Mean-Lp Risk-Constrained Reinforcement Learning: Primal-Dual Policy Gradient and Augmented MDP Approaches,https://openreview.net/forum?id=Iu35dffCJZ,2.0,6.0,3.0,,rejected,A,D,D,D,Computer & Data Sciences,Artificial Intelligence & Machine Learning,https://openreview.net/forum?id=Iu35dffCJZ,Iu35dffCJZ,,,
Automated Discovery and Formal Verification of Combinatorial Properties in Integer Sequences,https://openreview.net/forum?id=QSIkBpEbPt,2.0,4.0,5.0,,rejected,D,D,D,D,Mathematics & Statistics,Pure & Applied Mathematics,https://openreview.net/forum?id=QSIkBpEbPt,QSIkBpEbPt,,,
Can Large Language Models Replace Psychoanalysts: A Case Study of the Deepseek-R1 Model,https://openreview.net/forum?id=yh6WeaOCoq,2.0,3.0,2.0,,rejected,C,C,C,C,Computer & Data Sciences,Artificial Intelligence & Machine Learning,https://openreview.net/forum?id=yh6WeaOCoq,yh6WeaOCoq,,,
